{
  "grid": [
    0.0,
    1.0,
    2.0,
    3.0
  ],
  "velocity": [
    0.1,
    0.4,
    0.7,
    1.0
  ],
  "sound_speed": [
    0.5,
    0.5,
    0.5,
    0.5
  ],
  "density": [
    0.7795952338017622,
    0.11866419664601069,
    0.41376616662269794,
    0.639711174037099
  ],
  "horizon_positions": [
    1.3333334922790527
  ],
  "kappa": [
    0.15
  ],
  "kappa_err": [
    0.0
  ],
  "dvdx": [
    0.3
  ],
  "dcsdx": [
    0.0
  ],
  "metadata": {}
}