{
  "densities": [
    1e+17,
    1.6681005372000557e+17,
    2.7825594022071146e+17,
    4.6415888336127917e+17,
    7.742636826811278e+17,
    1.2915496650148828e+18,
    2.154434690031878e+18,
    3.59381366380464e+18,
    5.994842503189421e+18,
    1e+19
  ],
  "temperatures": [
    10000.0,
    16681.005372000593,
    27825.59402207126,
    46415.88833612782,
    77426.36826811278,
    129154.96650148826,
    215443.46900318822,
    359381.36638046254,
    599484.2503189408,
    1000000.0
  ],
  "I_min": [
    [
      1.1547819846894581e+17,
      1.1547819846894581e+17,
      1.1547819846894581e+17,
      1.1547819846894581e+17,
      1.1547819846894581e+17,
      1.1547819846894581e+17,
      1.1547819846894581e+17,
      1.1547819846894581e+17,
      1.1547819846894581e+17,
      1.19708503049573e+17
    ],
    [
      6.978305848598663e+16,
      6.978305848598663e+16,
      6.978305848598663e+16,
      6.978305848598663e+16,
      6.978305848598663e+16,
      6.978305848598663e+16,
      6.978305848598663e+16,
      6.978305848598663e+16,
      7.233941627366747e+16,
      7.233941627366747e+16
    ],
    [
      4.216965034285822e+16,
      4.216965034285822e+16,
      4.216965034285822e+16,
      4.216965034285822e+16,
      4.216965034285822e+16,
      4.216965034285822e+16,
      4.216965034285822e+16,
      4.216965034285822e+16,
      4.37144481261109e+16,
      4.531583637600818e+16
    ],
    [
      2.4582440689201972e+16,
      2.4582440689201972e+16,
      2.4582440689201972e+16,
      2.4582440689201972e+16,
      2.5482967479793464e+16,
      2.5482967479793464e+16,
      2.5482967479793464e+16,
      2.6416483203860924e+16,
      2.6416483203860924e+16,
      2.8387359647587548e+16
    ],
    [
      1.485508017172775e+16,
      1.485508017172775e+16,
      1.485508017172775e+16,
      1.485508017172775e+16,
      1.539926526059492e+16,
      1.539926526059492e+16,
      1.539926526059492e+16,
      1.5963385442879422e+16,
      1.715437896342879e+16,
      1.8434229924091104e+16
    ],
    [
      8976871324473142.0,
      8976871324473142.0,
      8976871324473142.0,
      8976871324473142.0,
      9305720409296990.0,
      9305720409296990.0,
      9646616199111992.0,
      1e+16,
      1.0746078283213174e+16,
      1.2409377607517196e+16
    ],
    [
      5424690937011326.0,
      5424690937011326.0,
      5424690937011326.0,
      5424690937011326.0,
      5623413251903491.0,
      5829415347136074.0,
      6042963902381328.0,
      6493816315762113.0,
      7233941627366747.0,
      8659643233600654.0
    ],
    [
      3278121151393459.0,
      3278121151393459.0,
      3278121151393459.0,
      3398208328942559.5,
      3522694651473101.5,
      3651741272548377.0,
      3924189758484535.5,
      4371444812611089.5,
      5232991146814947.0,
      6493816315762113.0
    ],
    [
      1980956778550338.8,
      1980956778550338.8,
      1980956778550338.8,
      2053525026457146.2,
      2206734069084590.0,
      2371373705661655.5,
      2641648320386092.5,
      3162277660168379.5,
      3924189758484535.5,
      5232991146814947.0
    ],
    [
      1197085030495729.8,
      1197085030495729.8,
      1240937760751719.5,
      1286396944936974.5,
      1433012570236962.8,
      1596338544287942.2,
      1843422992409110.5,
      2371373705661655.5,
      3162277660168379.5,
      4531583637600818.0
    ]
  ],
  "kappa_at_I_min": [
    [
      83663841202.21945,
      83663841202.22005,
      83663841202.22095,
      83663841202.22273,
      83663841202.22511,
      83663841202.22987,
      83663841202.23671,
      83663841202.2492,
      83663841202.26942,
      85182483965.68097
    ],
    [
      65037344448.52479,
      65037344448.52538,
      65037344448.52598,
      65037344448.52687,
      65037344448.52836,
      65037344448.531334,
      65037344448.5355,
      65037344448.54263,
      66217884226.27402,
      66217884226.293945
    ],
    [
      50557757234.76834,
      50557757234.76864,
      50557757234.768936,
      50557757234.76953,
      50557757234.77027,
      50557757234.77206,
      50557757234.77458,
      50557757234.7789,
      51475467574.80718,
      52409835937.55013
    ],
    [
      38601155057.33078,
      38601155057.330925,
      38601155057.33108,
      38601155057.33152,
      39301832481.9328,
      39301832481.933846,
      39301832481.93533,
      40015228408.16512,
      40015228408.16914,
      41481103406.87056
    ],
    [
      30007188068.507374,
      30007188068.507523,
      30007188068.507595,
      30007188068.50782,
      30551870195.873043,
      30551870195.87356,
      30551870195.87453,
      31106439241.641426,
      32245959204.334423,
      33427223120.275757
    ],
    [
      23326538660.29705,
      23326538660.297127,
      23326538660.2972,
      23326538660.297276,
      23749955498.707733,
      23749955498.70803,
      24181058081.74032,
      24619985918.892117,
      25521888101.197327,
      27426020747.089466
    ],
    [
      18133235431.042637,
      18133235431.04271,
      18133235431.04271,
      18133235431.042786,
      18462384874.437492,
      18797508946.93244,
      19138716098.332382,
      19839823315.552708,
      20939933599.90271,
      22910670544.22394
    ],
    [
      14096143109.184622,
      14096143109.184622,
      14096143109.184658,
      14352012376.202255,
      14612526110.95112,
      14877768618.516895,
      15422784851.631773,
      16277972116.091616,
      17809954100.406555,
      19839823315.560814
    ],
    [
      10957848714.323385,
      10957848714.323421,
      2148994232.5819693,
      11156752534.8158,
      11565457052.020763,
      11989133612.55683,
      12653926286.253435,
      13844835507.815742,
      15422784851.634785,
      17809954100.40953
    ],
    [
      8518248397.162663,
      8518248397.162701,
      8672869271.594238,
      8830296781.110418,
      9319933213.262636,
      9836719790.15334,
      10570616091.502035,
      11989133612.557907,
      13844835507.816784,
      16573445336.083265
    ]
  ],
  "config": {
    "densities": [
      1e+17,
      1.6681005372000557e+17,
      2.7825594022071146e+17,
      4.6415888336127917e+17,
      7.742636826811278e+17,
      1.2915496650148828e+18,
      2.154434690031878e+18,
      3.59381366380464e+18,
      5.994842503189421e+18,
      1e+19
    ],
    "temperatures": [
      10000.0,
      16681.005372000593,
      27825.59402207126,
      46415.88833612782,
      77426.36826811278,
      129154.96650148826,
      215443.46900318822,
      359381.36638046254,
      599484.2503189408,
      1000000.0
    ],
    "intensity_min": 1000000000000000.0,
    "intensity_max": 1e+19,
    "intensity_tol": 0.05,
    "max_bisection_iter": 10,
    "wavelength": 8e-07,
    "magnetic_field": 0.01,
    "use_fast_magnetosonic": false,
    "scale_with_intensity": true,
    "grid_min": 0.0,
    "grid_max": 5e-05,
    "grid_points": 512
  }
}