{
  "plasma_density": 5e+17,
  "laser_wavelength": 8e-07,
  "laser_intensity": 5e+17,
  "temperature_constant": 10000.0,
  "magnetic_field": null,
  "use_fast_magnetosonic": false,
  "grid_points": 512,
  "horizon_positions": [
    1.1388569662015733e-09,
    1.3598783375465705e-05,
    1.3601056890245052e-05,
    3.639894310975494e-05,
    3.640121662453429e-05,
    4.99988611430338e-05
  ],
  "kappa": [
    1832555145833.9749,
    3702205053757.7583,
    2645917425378.1123,
    3702205053757.713,
    2677557814444.2974,
    1832555145834.0645
  ],
  "spectrum_peak_frequency": 100000000000.0,
  "inband_power_W": 1.3800613574279693e-19,
  "T_sig_K": 9.995743722176811e-05,
  "t5sigma_s": 22519.165485380723,
  "T_H_K": 2.227768518572688,
  "t5sigma_TH_s": 4.5335915812258716e-05,
  "graybody_window_cells": 10
}