{
  "order": [
    "single",
    "two_opposed",
    "triangular",
    "square",
    "pentagram",
    "hexagon",
    "standing_wave"
  ],
  "enhancement": [
    1.0,
    1.000006640885858,
    0.5454207811652438,
    0.5680739712965583,
    0.5444165091906389,
    0.5454173199653264,
    1.000006640885858
  ],
  "kappa_surrogate_enhancement": [
    0.01913477416080221,
    0.019116964038799245,
    0.009185327133811243,
    0.009169719043618813,
    0.009184645158021943,
    0.00918347870038857,
    0.019116964038799245
  ]
}