{
  "sweep_results": {
    "wavelength_sweep": [
      {
        "success": true,
        "timestamp": "2025-10-11T15:56:39.977096",
        "parameters": {
          "wavelength": 4e-07,
          "pulse_duration": 2.5e-14,
          "focus_diameter": 1e-06,
          "pressure": 1e-05,
          "gas_type": "H2",
          "e_field": 7.628869972538852e+17
        },
        "derived_metrics": {
          "horizon_strength": 0.5868361576021193,
          "pair_production_rate": 0
        },
        "fit_results": {
          "chi_squared": {
            "success": true,
            "T_fit": 100000525.6484667,
            "T_err": 36638914741.50689,
            "A_fit": 0.09650922584796535,
            "A_err": 36.8249359238939,
            "B_fit": 0.020776890206078275,
            "B_err": 2184808.056491098,
            "chi_squared": 1.0621674333253586,
            "reduced_chi_squared": 1.0621674333253586,
            "r_squared": 0.19885579168288225,
            "good_fit": 